﻿Inputs from Materials Project,,,,,,,,,,,Inputs from NIST- JANAF tables,,,,,,,,,
Formula,Material_ID,E_Above_Hull_eV_per_Atom,Num_Atoms,Density_g_per_cubcm,Vol_Cell_cubAngstrom,Elec_DOS_eF,B_vrh_Gpa,G_vrh_Gpa,gamma_avg,Molecular_Weight_g_per_mol,link_MP,Section,Cp_100K,Cp_200K,Cp_300K,Cp_400K,Cp_500K,Cp_600K,Cp_1000K,link_Janaf
Si,mp-149,0,8,2.31,161.32,0,89,62,1.07,28.085,https://next-gen.materialsproject.org/materials/mp-149?_skip=15&formula=Si,crystal,7.268,15.636,20.05,22.142,23.33,24.154,26.338,https://janaf.nist.gov/tables/Si-001.html
KI,mp-22898,0,8,3.1,355.63,0,11,6,2.15,166.003,https://next-gen.materialsproject.org/materials/mp-22898?formula=KI,crystal,45.003,50.518,52.806,53.932,55.363,57.3,69.036,https://janaf.nist.gov/tables/I-004.html
NaI,mp-23268,0,8,3.73,266.76,0,15,8,2.63,149.894,https://next-gen.materialsproject.org/materials/mp-23268?formula=NaI,crystal,43.032,49.852,52.258,53.806,55.02,56.233,60.675,https://janaf.nist.gov/tables/I-015.html
KBr,mp-23251,0,8,2.76,286.07,0,13,7,1.93,119,https://next-gen.materialsproject.org/materials/mp-23251?formula=KBr,crystal,43.145,49.873,52.3,53.806,55.25,56.358,68.011,https://janaf.nist.gov/tables/Br-015.html
NaBr,mp-22916,0,8,3.29,207.8,0,19,11,2.23,102.89,https://next-gen.materialsproject.org/materials/mp-22916?formula=NaBr,crystal,40.166,48.744,51.442,53.451,54.852,56.066,61.086,https://janaf.nist.gov/tables/Br-027.html
KCl,mp-23193,0,8,2,248.12,0,16,9,1.82,74.55,https://next-gen.materialsproject.org/materials/mp-23193?formula=KCl,crystal,39.2,48.438,51.329,53.137,54.752,56.317,66.969,https://janaf.nist.gov/tables/Cl-036.html
NaCl,mp-22862,0,8,2.22,174.5,0,24,14,2.31,58.44,https://next-gen.materialsproject.org/materials/mp-22862?formula=NaCl,crystal,34.932,46.873,50.543,52.35,53.94,55.476,64.865,https://janaf.nist.gov/tables/Cl-053.html
KF,mp-463,0,8,2.58,149.62,0,30,17,2.47,58.096,https://next-gen.materialsproject.org/materials/mp-463?formula=KF,crystal,31.606,45.187,49.022,51.045,52.718,54.266,61.17,https://janaf.nist.gov/tables/F-017.html
NaF,mp-682,0,8,2.92,95.56,0,46,30,1.93,41.988,https://next-gen.materialsproject.org/materials/mp-682?formula=NaF,crystal,22.836,40.811,46.924,49.597,51.262,52.677,59.505,https://janaf.nist.gov/tables/F-033.html
CaO,mp-2605,0,8,3.35,111.08,0,106,74,1.72,56.08,https://next-gen.materialsproject.org/materials/mp-2605?formula=CaO,crystal,14.715,33.677,42.242,46.626,48.982,50.48,53.735,https://janaf.nist.gov/tables/Ca-027.html
MgO,mp-1265,0,8,3.63,73.77,0,151,119,1.48,40.305,https://next-gen.materialsproject.org/materials/mp-1265?formula=MgO,crystal,7.802,26.681,37.244,42.561,45.544,47.43,51.208,https://janaf.nist.gov/tables/Mg-008.html
TiC,mp-631,0,8,4.89,81.26,7.52E+46,251,172,1.7,63.91,https://next-gen.materialsproject.org/materials/mp-631?formula=TiC,crystal,7.335,14.924,33.936,40.685,45.166,47.647,51.179,https://janaf.nist.gov/tables/C-107.html
CsCl,mp-22865,0,2,3.93,71.15,0,15,7,2.84,168.36,https://next-gen.materialsproject.org/materials/mp-22865?formula=CsCl,crystal,44.091,50.128,52.472,54.685,56.902,59.099,64.266,https://janaf.nist.gov/tables/Cl-005.html
MgAl2O3,mp-3536,0,56,3.58,527.59,0,183,98,1.28,142.27,https://next-gen.materialsproject.org/materials/mp-3536?formula=MgAl2O4,crystal,22.669,78.069,116.533,137.988,149.829,157.887,178.657,https://janaf.nist.gov/tables/Al-089.html
Al1Li1O2,mp-8001,0,12,3.44,95.39,0,143,97,1.65,65.92,https://next-gen.materialsproject.org/materials/mp-8001?formula=LiAlO2,crystal,17.966,47.999,68.128,81.546,88.408,92.688,102.006,https://janaf.nist.gov/tables/Al-068.html
B2Ti1,mp-1145,0,3,4.51,25.6,9.63E+46,254,257,1.35,69.489,https://next-gen.materialsproject.org/materials/mp-1145?formula=B2Ti,crystal,7.523,28.125,44.522,54.89,61.668,66.166,76.889,https://janaf.nist.gov/tables/B-100.html
B2Mg1,mp-763,0,3,2.67,28.6,1.03E+47,147,114,1.5,45.93,https://next-gen.materialsproject.org/materials/mp-763?formula=MgB2,cr,11.171,34.392,47.865,54.392,58.409,61.379,71.714,https://janaf.nist.gov/tables/B-092.html
F1Li1,mp-1138,0,8,2.53,68.09,0,70,50,1.81,25.99,https://next-gen.materialsproject.org/materials/mp-1138?formula=LiF,cr,12.816,32.803,41.936,46.543,49.329,51.589,59.58,https://janaf.nist.gov/tables/F-021.html
Fe1S2-pyrite,mp-226,0.01,12,5.07,157.19,0,146,135,1.54,119.98,https://next-gen.materialsproject.org/materials/mp-226?formula=FeS2,cr,18.712,49.056,62.289,68.848,72.04,74.307,82.45,https://janaf.nist.gov/tables/Fe-028.html
Li2O1,mp-1960,0,12,1.97,100.79,0,79,68,1.42,29.9,https://next-gen.materialsproject.org/materials/mp-1960?formula=Li2O,cr,10.447,37.204,54.379,64.003,69.58,73.822,86.211,https://janaf.nist.gov/tables/Li-014.html
C3Al4,mp-1591,0,21,2.99,239.71,0,159,113,1.31,143.96,https://next-gen.materialsproject.org/materials/mp-1591?formula=C3Al4,cr,29.702,82.098,117.298,138.507,150.892,159.201,176.142,https://janaf.nist.gov/tables/C-139.html
Mg2O4Si1,mp-2895,0,28,3.24,288.81,0,119,75,1.34,140.69,https://next-gen.materialsproject.org/materials/mp-2895?formula=Mg2O4Si,cr,32.317,86.144,119.148,137.557,148.695,156.431,174.607,https://janaf.nist.gov/tables/Mg-028.html
Cl1Li1,mp-22905,0,8,2.14,131.43,0,32,21,2.86,42.47,https://next-gen.materialsproject.org/materials/mp-22905?formula=ClLi,cr,36.313,43.35,48.095,50.969,53.342,55.593,,https://janaf.nist.gov/tables/Cl-041.html
Al2O5Si1 - Andalusite,mp-4753,0.002,32,3.16,340.97,0,143,89,1.66,162.043,https://next-gen.materialsproject.org/materials/mp-4753?formula=Al2SiO5,cr,30.323,84.605,123.32,149.565,165.368,174.515,194.041,https://janaf.nist.gov/tables/Al-102.html
SiO2,mp-7000,0,9,2.63,113.63,0,30,47,1.06,60.08,https://next-gen.materialsproject.org/materials/mp-6930?_skip=120&formula=SiO2,cr,15.686,32.639,44.769,53.43,59.643,64.417,,https://janaf.nist.gov/tables/O-037.html