﻿Inputs from Materials Project,,,,,,,,,,Inputs from NIST- JANAF tables,,,,,,,,,
Formula,Material_ID,E_Above_Hull_eV_per_Atom,Num_Atoms,Density_g_per_cubcm,Vol_Cell_cubAngstrom,Elec_DOS_eF,B_vrh_Gpa,G_vrh_Gpa,Molecular_Weight_g_per_mol,link_MP,Section,Cp_100K,Cp_200K,Cp_300K,Cp_400K,Cp_500K,Cp_600K,Cp_1000K,link_Janaf
Si,mp-149,0,8,2.31,161.32,0,89,62,28.085,https://next-gen.materialsproject.org/materials/mp-149?_skip=15&formula=Si,crystal,7.268,15.636,20.05,22.142,23.33,24.154,26.338,https://janaf.nist.gov/tables/Si-001.html
KI,mp-22898,0,8,3.1,355.63,0,11,6,166.003,https://next-gen.materialsproject.org/materials/mp-22898?formula=KI,crystal,45.003,50.518,52.806,53.932,55.363,57.3,69.036,https://janaf.nist.gov/tables/I-004.html
NaI,mp-23268,0,8,3.73,266.76,0,15,8,149.894,https://next-gen.materialsproject.org/materials/mp-23268?formula=NaI,crystal,43.032,49.852,52.258,53.806,55.02,56.233,60.675,https://janaf.nist.gov/tables/I-015.html
KBr,mp-23251,0,8,2.76,286.07,0,13,7,119,https://next-gen.materialsproject.org/materials/mp-23251?formula=KBr,crystal,43.145,49.873,52.3,53.806,55.25,56.358,68.011,https://janaf.nist.gov/tables/Br-015.html
NaBr,mp-22916,0,8,3.29,207.8,0,19,11,102.89,https://next-gen.materialsproject.org/materials/mp-22916?formula=NaBr,crystal,40.166,48.744,51.442,53.451,54.852,56.066,61.086,https://janaf.nist.gov/tables/Br-027.html
KCl,mp-23193,0,8,2,248.12,0,16,9,74.55,https://next-gen.materialsproject.org/materials/mp-23193?formula=KCl,crystal,39.2,48.438,51.329,53.137,54.752,56.317,66.969,https://janaf.nist.gov/tables/Cl-036.html
NaCl,mp-22862,0,8,2.22,174.5,0,24,14,58.44,https://next-gen.materialsproject.org/materials/mp-22862?formula=NaCl,crystal,34.932,46.873,50.543,52.35,53.94,55.476,64.865,https://janaf.nist.gov/tables/Cl-053.html
KF,mp-463,0,8,2.58,149.62,0,30,17,58.096,https://next-gen.materialsproject.org/materials/mp-463?formula=KF,crystal,31.606,45.187,49.022,51.045,52.718,54.266,61.17,https://janaf.nist.gov/tables/F-017.html
NaF,mp-682,0,8,2.92,95.56,0,46,30,41.988,https://next-gen.materialsproject.org/materials/mp-682?formula=NaF,crystal,22.836,40.811,46.924,49.597,51.262,52.677,59.505,https://janaf.nist.gov/tables/F-033.html
CaO,mp-2605,0,8,3.35,111.08,0,106,74,56.08,https://next-gen.materialsproject.org/materials/mp-2605?formula=CaO,crystal,14.715,33.677,42.242,46.626,48.982,50.48,53.735,https://janaf.nist.gov/tables/Ca-027.html
MgO,mp-1265,0,8,3.63,73.77,0,151,119,40.305,https://next-gen.materialsproject.org/materials/mp-1265?formula=MgO,crystal,7.802,26.681,37.244,42.561,45.544,47.43,51.208,https://janaf.nist.gov/tables/Mg-008.html
TiC,mp-631,0,8,4.89,81.26,7.52E+46,251,172,63.91,https://next-gen.materialsproject.org/materials/mp-631?formula=TiC,crystal,7.335,14.924,33.936,40.685,45.166,47.647,51.179,https://janaf.nist.gov/tables/C-107.html
CsCl,mp-22865,0,2,3.93,71.15,0,15,7,168.36,https://next-gen.materialsproject.org/materials/mp-22865?formula=CsCl,crystal,44.091,50.128,52.472,54.685,56.902,59.099,64.266,https://janaf.nist.gov/tables/Cl-005.html
Fe,mp-13,0,2,7.9,23.47,4.54E+47,207,68,55.845,https://next-gen.materialsproject.org/materials/mp-13?chemsys=Fe,ref,12.101,21.588,25.14,27.386,29.702,32.049,54.434,https://janaf.nist.gov/tables/Fe-003.html
TiO2,mp-2657,0.01,6,4.24,62.61,0,209,107,79.866,"https://next-gen.materialsproject.org/materials/mp-2657#:~:text=TiO%E2%82%82%20is%20Rutile%20structured%20and,)%20Ti%2DO%20bond%20lengths.",rutile,18.502,42.012,55.287,62.835,67.203,69.931,74.852,https://janaf.nist.gov/tables/O-043.html
CrN,mp-2132,0,8,5.96,73.61,2.90E+47,102,32,66.003,https://next-gen.materialsproject.org/materials/mp-2132?formula=CrN,crystal,9.985,29.126,51.393,49.078,49.748,50.417,53.053,https://janaf.nist.gov/tables/Cr-008.html
MgAl2O3,mp-3536,0,56,3.58,527.59,0,183,98,142.27,https://next-gen.materialsproject.org/materials/mp-3536?formula=MgAl2O4,crystal,22.669,78.069,116.533,137.988,149.829,157.887,178.657,https://janaf.nist.gov/tables/Al-089.html
Al1Li1O2,mp-8001,0,12,3.44,95.39,0,143,97,65.92,https://next-gen.materialsproject.org/materials/mp-8001?formula=LiAlO2,crystal,17.966,47.999,68.128,81.546,88.408,92.688,102.006,https://janaf.nist.gov/tables/Al-068.html
Al2Be1O4,mp-3081,0,28,3.71,227.11,0,215,147,126.973,https://next-gen.materialsproject.org/materials/mp-3081?formula=Al2BeO4,crystal,16.365,66.43,105.94,130.28,145.25,154.97,174.2,https://janaf.nist.gov/tables/Al-081.html
B2Ti1,mp-1145,0,3,4.51,25.6,9.63E+46,254,257,69.489,https://next-gen.materialsproject.org/materials/mp-1145?formula=B2Ti,crystal,7.523,28.125,44.522,54.89,61.668,66.166,76.889,https://janaf.nist.gov/tables/B-100.html
C1Mg1O3,mp-5348,0,30,3.02,277.82,0,103,56,84.3139,https://next-gen.materialsproject.org/materials/mp-5348?formula=CMgO3,cr,24.683,57.572,76.501,89.855,100.061,109.035,131.796,https://janaf.nist.gov/tables/C-079.html
B2Mg1,mp-763,0,3,2.67,28.6,1.03E+47,147,114,45.93,https://next-gen.materialsproject.org/materials/mp-763?formula=MgB2,cr,11.171,34.392,47.865,54.392,58.409,61.379,71.714,https://janaf.nist.gov/tables/B-092.html
Co1,mp-102,0,4,9.03,43.37,1.22E+47,201,120,58.93319,https://next-gen.materialsproject.org/materials/mp-102?formula=Co,cr,13.909,22.226,23.984,24.833,26.527,28.2,,https://janaf.nist.gov/tables/Co-002.html
F1Li1,mp-1138,0,8,2.53,68.09,0,70,50,25.99,https://next-gen.materialsproject.org/materials/mp-1138?formula=LiF,cr,12.816,32.803,41.936,46.543,49.329,51.589,59.58,https://janaf.nist.gov/tables/F-021.html
MoS2,mp-1434,0,9,4.67,170.76,0,25,16,160.07,https://next-gen.materialsproject.org/materials/mp-1434?formula=MoS2,cr,24.05,51.84,63.68,68.91,71.756,73.597,78.241,https://janaf.nist.gov/tables/Mo-018.html
Fe1S2-pyrite,mp-226,0.01,12,5.07,157.19,0,146,135,119.98,https://next-gen.materialsproject.org/materials/mp-226?formula=FeS2,cr,18.712,49.056,62.289,68.848,72.04,74.307,82.45,https://janaf.nist.gov/tables/Fe-028.html
I2Pb1,mp-567503,0,6,5.7,268.73,0,1,2,460.809,https://next-gen.materialsproject.org/materials/mp-567503?formula=PbI2,cr,69.789,75.396,77.613,78.856,80.391,83.713,110.064,https://janaf.nist.gov/tables/I-036.html
Li2O3Ti1,mp-2931,0,48,3.46,420.99,0,110,72,109.76,https://next-gen.materialsproject.org/materials/mp-2931?formula=Li2TiO3,"cr,l",31.142,82.663,110.75,127.361,135.645,141.403,153.888,https://janaf.nist.gov/tables/Li-025.html
Li2O1,mp-1960,0,12,1.97,100.79,0,79,68,29.9,https://next-gen.materialsproject.org/materials/mp-1960?formula=Li2O,cr,10.447,37.204,54.379,64.003,69.58,73.822,86.211,https://janaf.nist.gov/tables/Li-014.html
Li3N1,mp-2251,0,4,1.33,43.5,0,52,34,34.83,https://next-gen.materialsproject.org/materials/mp-2251?formula=Li3N,cr,22.204,55.417,75.544,87.1,96.94,106.43,140.95,https://janaf.nist.gov/tables/Li-034.html
O2Si1 - quartz,mp-6930,0.001,9,2.63,113.71,0,34,46,60.08,https://next-gen.materialsproject.org/materials/mp-6930?_skip=120&formula=SiO2,cr,15.686,32.639,44.769,53.43,59.643,64.417,,https://janaf.nist.gov/tables/O-037.html
ZnSO4,mp-5126,0,24,3.93,272.6,0,71,33,161.47,https://next-gen.materialsproject.org/materials/mp-5126?formula=ZnSO4,cr,47.585,78.053,99.37,116.022,131.21,137.444,142.005,https://janaf.nist.gov/tables/O-071.html
C3Al4,mp-1591,0,21,2.99,239.71,0,159,113,143.96,https://next-gen.materialsproject.org/materials/mp-1591?formula=C3Al4,cr,29.702,82.098,117.298,138.507,150.892,159.201,176.142,https://janaf.nist.gov/tables/C-139.html
Ni,mp-23,0,4,9.29,41.97,1.60E+47,174,92,58.6934,https://next-gen.materialsproject.org/materials/mp-23?formula=Ni,cr,13.631,22.468,26.024,28.493,31.045,34.853,32.217,https://janaf.nist.gov/tables/Ni-001.html
Mg2O4Si1,mp-2895,0,28,3.24,288.81,0,119,75,140.69,https://next-gen.materialsproject.org/materials/mp-2895?formula=Mg2O4Si,cr,32.317,86.144,119.148,137.557,148.695,156.431,174.607,https://janaf.nist.gov/tables/Mg-028.html
Cl1Li1,mp-22905,0,8,2.14,131.43,0,32,21,42.47,https://next-gen.materialsproject.org/materials/mp-22905?formula=ClLi,cr,36.313,43.35,48.095,50.969,53.342,55.593,,https://janaf.nist.gov/tables/Cl-041.html
Al2O5Si1 - Andalusite,mp-4753,0.002,32,3.16,340.97,0,143,89,162.043,https://next-gen.materialsproject.org/materials/mp-4753?formula=Al2SiO5,cr,30.323,84.605,123.32,149.565,165.368,174.515,194.041,https://janaf.nist.gov/tables/Al-102.html
Hf1,mp-103,0,2,13.31,44.53,7.06E+47,108,57,178.49,https://next-gen.materialsproject.org/materials/mp-103?formula=Hf,cr,20.58,24.418,25.708,26.751,27.692,28.583,31.943,https://janaf.nist.gov/tables/Hf-005.html